chapter,episodeNumber,episodeTitle,educationTheme,questionText,choiceA,choiceB,choiceC,choiceD,correctAnswer,explanation
プロローグ,1,混沌の兆し,コンプライアンス欠如がもたらす組織風土の悪化（割れ窓理論）,組織において軽微なルール違反や倫理違反が放置され続けた場合、最も起こりやすい状態 はどれか。,問題は限定的な範囲にとどまる,違反行為の基準が下がり、より大きな不正が正当化される,優秀な社員だけが自然に残る,法令違反と倫理違反が明確に区別される,B,"王都の壁に書かれていた
「バレなければ犯罪じゃない」
という落書きは、単なる治安悪化の描写ではありません。
それは、
「ここでは守らなくても問題ない」
という無言のメッセージが、組織全体に共有されている状態
を象徴しています。
割れ窓理論が示すのは、
• 小さな違反が放置される
• 注意されない
• 罰せられない
という状況が続くと、
人は「どこまでなら許されるか」を少しずつ広げていくという事実です。
現実の企業でも、
• 軽微な虚偽報告
• 規程の形骸化
• 「今回だけ」という例外
が積み重なった結果、
後になって誰も止められない不正へと発展します。
霧が街を覆っていたのは、
悪意ではなく「見て見ぬふり」が積もった結果なのです。"
プロローグ,2,王国の異変,傍観者効果と不正の常態化,明らかに不適切な取引や不正を目撃しても、誰も行動を起こさない状況を説明する概念と して最も適切なものはどれか。,職務分掌,傍観者効果,内部統制,合理的経済行動,B,"市場では、
• 腐った果物
• 虚偽説明
• 不当な契約
が横行していましたが、
誰一人として止めようとしませんでした。
これは、人々が悪人だからではありません。
「自分が言わなくても、誰かが言うだろう」
という心理が、全員を沈黙させていたのです。
これが傍観者効果です。
企業不祥事の多くは、
• 気づいた人がいなかった
のではなく、
• 気づいた人が全員、黙った
ことで拡大します。
不正が蔓延する環境では、
沈黙は中立ではありません。
沈黙は、不正を支える行動になります。"
プロローグ,3,宝物庫への招き,ルールの本質的理解（ルールは鎧である）,企業における規程・ルール・倫理規定の本質的な役割として最も適切なものはどれか。,社員の自由を制限するため,管理を強化するため,不正やリスクから自分と組織を守るため,形式的に整備しておくため,C,"叡智の宝物庫で、
唯一汚されていなかったのが
『エシカル・コード』でした。
それは剣でも盾でもなく、
精神を守る鎧として描かれています。
ルールは、
「守らされるもの」ではありません。
判断に迷ったとき、自分を守る拠り所です。
現実の職場でも、
• 規程に沿って判断した
• 手続きを踏んだ
という事実は、
後から責任を問われたときの
最大の防御になります。
知識が軽んじられた世界が崩壊していたのは、
ルールが「縛り」だと誤解された結果なのです。"
プロローグ,4,大賢者アウレリア,主要コンプライアンスリスク領域の理解,企業不祥事が組織的・長期的に拡大しやすい領域に共通する特徴として最も適切なものは どれか。,社外との接点が多い,専門性が高く、内容が見えにくい,若手社員が多い,売上に直結する,B,"アウレリアが示した5つの扉は、
すべて中が見えませんでした。
法務、経理、人事、情報、労務は、
いずれも
• 専門知識が必要
• 内容が分かりにくい
• 権限と情報が集中しやすい
という共通点があります。
現実の企業不祥事でも、
「よく分からないから任せていた」
という領域で、不正が長期化します。
見えない場所ほど、
最も注意深く照らす必要がある
という警告が、この場面には込められています。"
プロローグ,5,守護者の誓い,判断に迷ったときの行動指針,コンプライアンス上、判断に迷ったときに取るべき最も適切な行動はどれか。,利益への影響を最優先する,前例があるかどうかで判断する,一度立ち止まり、影響と説明可能性を考える,上司の指示に従えば問題ない,C,"アウレリアは、
「家族に説明できるか」
と問いかけました。
これは感情論ではなく、
説明責任（アカウンタビリティ）の簡易チェックです。
多くの不正は、
悪意よりも
• 焦り
• 思考停止
• 流される判断
から生まれます。
立ち止まる勇気そのものが、
コンプライアンス行動であることを、
この誓いの場面は示しています。"
